City_ID,City,Country,Date,Lat,Lng,Max Temp,Humidity,Cloudiness,Wind Speed
0,Atuona,PF,2021-05-29 04:11:30,-9.8,-139.0333,79.02,72,27,14.81
1,Tura,IN,2021-05-29 04:11:31,25.5198,90.2201,83.91,68,27,5.12
2,Saint-Philippe,RE,2021-05-29 04:11:31,-21.3585,55.7679,70.21,75,27,3.38
3,Albany,US,2021-05-29 04:08:49,42.6001,-73.9662,44.55,93,100,6.08
4,Vaini,TO,2021-05-29 04:11:32,-21.2,-175.2,75.36,83,75,3.44
5,Ewo,CG,2021-05-29 04:11:33,-0.8725,14.8206,73.47,76,99,0.74
6,Tiksi,RU,2021-05-29 04:11:34,71.6872,128.8694,33.19,95,100,14.56
7,Qaanaaq,GL,2021-05-29 04:11:34,77.484,-69.3632,35.26,78,79,5.99
8,Kapaa,US,2021-05-29 04:11:35,22.0752,-159.319,79.12,73,20,1.01
9,Abonnema,NG,2021-05-29 04:11:36,4.7084,6.7931,78.48,90,91,2.17
10,Hermanus,ZA,2021-05-29 04:11:36,-34.4187,19.2345,56.89,85,41,14.34
11,San Vicente,AR,2021-05-29 04:11:36,-26.6167,-54.1333,65.3,88,77,5.3
12,Sungaipenuh,ID,2021-05-29 04:07:15,-2.0833,101.3833,70.11,90,100,1.63
13,Hobart,AU,2021-05-29 04:10:44,-42.8794,147.3294,50.25,59,75,1.01
14,Bluff,NZ,2021-05-29 04:11:37,-46.6,168.3333,49.8,81,100,20.92
15,Mahon,ES,2021-05-29 04:11:38,39.8885,4.2658,59.56,88,0,5.75
16,Hasaki,JP,2021-05-29 04:10:23,35.7333,140.8333,80.19,71,100,20.47
17,Chegem,RU,2021-05-29 04:11:38,43.2833,43.1333,46.53,55,73,5.19
18,Ribeira Grande,PT,2021-05-29 04:11:39,38.5167,-28.7,62.19,74,25,4.29
19,Yellowknife,CA,2021-05-29 04:11:39,62.456,-114.3525,50.32,51,6,1.99
20,Hirara,JP,2021-05-29 04:11:39,24.8,125.2833,79.59,83,93,11.88
21,Bathsheba,BB,2021-05-29 04:11:40,13.2167,-59.5167,79.41,61,40,14.0
22,Dalvik,IS,2021-05-29 04:11:40,65.9702,-18.5286,47.88,65,100,12.03
23,Mehamn,NO,2021-05-29 04:11:40,71.0357,27.8492,35.64,71,100,18.19
24,Salekhard,RU,2021-05-29 04:09:48,66.53,66.6019,48.85,63,100,15.03
25,Ponta Do Sol,PT,2021-05-29 04:11:41,32.6667,-17.1,66.83,74,100,2.86
26,Barrow,US,2021-05-29 04:11:42,71.2906,-156.7887,30.22,80,90,3.44
27,Bodden Town,KY,2021-05-29 04:11:42,19.2833,-81.25,80.92,60,1,3.65
28,Tual,ID,2021-05-29 04:11:43,-5.6667,132.75,82.02,78,50,21.74
29,Bambous Virieux,MU,2021-05-29 04:11:43,-20.3428,57.7575,77.22,84,97,9.15
30,Saskylakh,RU,2021-05-29 04:11:43,71.9167,114.0833,46.49,46,83,15.66
31,Marawi,PH,2021-05-29 04:11:44,7.9986,124.2928,79.86,75,93,3.4
32,Carutapera,BR,2021-05-29 04:11:44,-1.195,-46.02,75.47,93,77,5.06
33,Lebu,CL,2021-05-29 04:11:45,-37.6167,-73.65,50.4,86,11,6.17
34,Port Alfred,ZA,2021-05-29 04:11:46,-33.5906,26.891,60.94,67,1,19.33
35,Mataura,NZ,2021-05-29 04:11:46,-46.1927,168.8643,49.48,93,100,3.85
36,Luderitz,NA,2021-05-29 04:11:46,-26.6481,15.1594,61.02,55,100,11.12
37,Leninskiy,RU,2021-05-29 04:11:47,54.2781,37.4558,67.46,87,51,3.36
38,Aksarka,RU,2021-05-29 04:11:47,66.5606,67.7975,49.28,60,100,16.71
39,Gopalpur,IN,2021-05-29 04:11:48,19.2667,84.9167,90.25,69,24,11.45
40,Punta Arenas,CL,2021-05-29 04:10:23,-53.15,-70.9167,35.71,75,20,21.21
41,Fez,MA,2021-05-29 04:11:49,34.0372,-4.9998,62.85,88,0,4.0
42,Moroni,KM,2021-05-29 04:11:49,-11.7022,43.2551,74.66,70,1,3.38
43,Gari,RU,2021-05-29 04:11:50,59.4307,62.3497,60.3,69,100,7.09
44,Atasu,KZ,2021-05-29 04:11:50,48.6814,71.6433,75.51,25,0,11.32
45,Ngunguru,NZ,2021-05-29 04:11:51,-35.6167,174.5,56.16,74,92,12.48
46,Rocha,UY,2021-05-29 04:11:51,-34.4833,-54.3333,54.46,72,18,13.35
47,Norman Wells,CA,2021-05-29 04:11:52,65.282,-126.8329,36.95,83,100,7.67
48,Egvekinot,RU,2021-05-29 04:11:52,66.3167,-179.1667,37.49,59,4,10.87
49,Ushuaia,AR,2021-05-29 04:11:53,-54.8,-68.3,28.06,93,90,23.02
50,Dikson,RU,2021-05-29 04:11:53,73.5069,80.5464,27.64,78,50,4.9
51,Leningradskiy,RU,2021-05-29 04:11:54,69.3833,178.4167,34.12,85,11,12.84
52,Kavaratti,IN,2021-05-29 04:11:54,10.5669,72.642,83.95,74,22,19.33
53,Am Timan,TD,2021-05-29 04:11:54,11.0297,20.2827,83.03,48,56,5.7
54,Pierre,US,2021-05-29 04:08:34,44.3683,-100.351,49.98,81,96,3.0
55,Moctezuma,MX,2021-05-29 04:11:58,29.8,-109.6667,78.3,12,8,6.02
56,Salalah,OM,2021-05-29 04:10:04,17.0151,54.0924,83.23,83,92,6.04
57,Evensk,RU,2021-05-29 04:11:59,61.95,159.2333,45.16,65,96,4.52
58,Kuytun,RU,2021-05-29 04:11:59,54.3419,101.5036,44.29,55,99,11.68
59,Khatanga,RU,2021-05-29 04:12:00,71.9667,102.5,48.33,55,69,17.92
60,Touros,BR,2021-05-29 04:12:00,-5.1989,-35.4608,74.3,92,61,10.09
61,Beihai,CN,2021-05-29 04:12:01,21.4833,109.1,86.99,75,100,15.79
62,Saint George,US,2021-05-29 04:07:18,37.1041,-113.5841,88.39,12,1,3.0
63,Sokoni,TZ,2021-05-29 04:12:01,-6.4333,39.55,78.21,65,5,10.54
64,Busselton,AU,2021-05-29 04:12:02,-33.65,115.3333,68.04,71,67,12.88
65,Maniitsoq,GL,2021-05-29 04:12:03,65.4167,-52.9,37.42,78,28,14.38
66,Selenginsk,RU,2021-05-29 04:12:03,52.0064,106.8647,54.01,90,100,6.85
67,Amuntai,ID,2021-05-29 04:08:06,-2.4177,115.2494,90.28,62,26,0.98
68,Sussex,US,2021-05-29 04:11:58,41.1834,-74.6663,49.82,82,90,13.8
69,Kodiak,US,2021-05-29 04:11:42,57.79,-152.4072,47.71,81,90,8.05
70,Narsaq,GL,2021-05-29 04:12:04,60.9167,-46.05,43.02,89,18,5.3
71,Hinton,CA,2021-05-29 04:12:04,53.4001,-117.5857,47.1,62,98,4.7
72,Taltal,CL,2021-05-29 04:12:05,-25.4,-70.4833,61.34,84,68,3.04
73,Dingle,PH,2021-05-29 04:12:06,10.9995,122.6711,90.79,59,75,5.55
74,Bredasdorp,ZA,2021-05-29 04:12:06,-34.5322,20.0403,55.27,87,30,10.31
75,Neuquen,AR,2021-05-29 04:12:07,-38.9516,-68.0591,48.09,49,0,11.5
76,Lagoa,PT,2021-05-29 04:12:07,39.05,-27.9833,61.74,76,38,8.03
77,Manzhouli,CN,2021-05-29 04:12:08,49.6,117.4333,66.06,27,17,6.69
78,Rikitea,PF,2021-05-29 04:12:08,-23.1203,-134.9692,76.51,82,82,19.28
79,New Norfolk,AU,2021-05-29 04:12:08,-42.7826,147.0587,49.91,46,9,0.76
80,Arraial Do Cabo,BR,2021-05-29 04:12:09,-22.9661,-42.0278,73.29,92,72,25.52
81,Zyryanka,RU,2021-05-29 04:12:09,65.75,150.85,59.92,33,12,17.76
82,Nuuk,GL,2021-05-29 04:11:20,64.1835,-51.7216,34.41,100,90,12.66
83,Chuy,UY,2021-05-29 04:12:10,-33.6971,-53.4616,54.45,84,18,10.04
84,Deputatskiy,RU,2021-05-29 04:12:11,69.3,139.9,51.71,33,29,20.85
85,Mbarara,UG,2021-05-29 04:12:11,-0.608,30.65,60.04,91,71,3.11
86,Vila,PT,2021-05-29 04:12:12,42.0304,-8.1588,54.7,79,43,3.47
87,Okato,NZ,2021-05-29 04:12:12,-39.2,173.8833,52.43,84,99,16.04
88,Kasongo-Lunda,CD,2021-05-29 04:10:27,-6.4667,16.8167,65.95,59,92,1.97
89,Sijunjung,ID,2021-05-29 04:12:13,-0.6876,100.9537,87.12,61,100,1.32
90,Kaliua,TZ,2021-05-29 04:12:13,-5.0606,31.7936,61.66,83,97,3.33
91,Mogadishu,SO,2021-05-29 04:07:23,2.0371,45.3438,79.18,77,85,13.4
92,Omboue,GA,2021-05-29 04:12:14,-1.5746,9.2618,75.56,95,96,4.29
93,Ati,TD,2021-05-29 04:12:14,13.2154,18.3353,79.9,14,58,0.81
94,Bulolo,PG,2021-05-29 04:12:15,-7.2,146.65,79.52,83,89,1.41
95,Birnin Kebbi,NG,2021-05-29 04:12:15,12.4539,4.1975,87.48,24,91,2.73
96,Hilo,US,2021-05-29 04:12:15,19.7297,-155.09,76.8,80,40,8.05
97,Iqaluit,CA,2021-05-29 04:12:16,63.7506,-68.5145,25.7,79,7,18.01
98,Sayyan,YE,2021-05-29 04:12:16,15.1718,44.3244,65.05,30,45,2.19
99,Mandan,US,2021-05-29 04:12:17,46.8267,-100.8896,53.58,76,1,10.36
100,Cape Town,ZA,2021-05-29 04:11:14,-33.9258,18.4232,58.87,91,33,1.99
101,Tuktoyaktuk,CA,2021-05-29 04:12:17,69.4541,-133.0374,30.83,79,100,8.88
102,Mapiripan,CO,2021-05-29 04:12:18,2.8892,-72.1256,72.54,95,21,2.57
103,Port Elizabeth,ZA,2021-05-29 04:12:18,-33.918,25.5701,56.1,68,3,18.16
104,Cabo San Lucas,MX,2021-05-29 04:10:42,22.8909,-109.9124,83.8,59,85,12.77
105,Thompson,CA,2021-05-29 04:12:19,55.7435,-97.8558,55.56,41,90,9.22
106,Torbay,CA,2021-05-29 04:12:19,47.6666,-52.7314,39.67,72,63,8.01
107,Talnakh,RU,2021-05-29 04:12:20,69.4865,88.3972,32.74,99,100,9.71
108,Nhulunbuy,AU,2021-05-29 04:12:20,-12.2333,136.7667,84.81,54,75,17.27
109,Alofi,NU,2021-05-29 04:12:21,-19.0595,-169.9187,77.92,76,32,8.95
110,Salinopolis,BR,2021-05-29 04:12:21,-0.6136,-47.3561,77.76,87,100,9.35
111,Zhicheng,CN,2021-05-29 04:12:22,30.2956,111.5047,81.77,50,100,5.28
112,Isabela,PH,2021-05-29 04:12:22,6.7085,121.9711,87.85,61,91,4.52
113,Ganta,LR,2021-05-29 04:12:23,7.3022,-8.5308,70.32,99,88,0.89
114,Port Macquarie,AU,2021-05-29 04:12:24,-31.4333,152.9167,60.89,72,83,18.05
115,Dunedin,NZ,2021-05-29 04:12:24,-45.8742,170.5036,49.8,92,100,5.01
116,Alyangula,AU,2021-05-29 04:12:24,-13.8483,136.4192,81.3,60,96,10.51
117,Yining,CN,2021-05-29 04:12:25,29.0361,114.5636,76.68,72,98,3.6
118,Provideniya,RU,2021-05-29 04:12:25,64.3833,-173.3,45.99,37,17,11.5
119,Auki,SB,2021-05-29 04:12:26,-8.7676,160.7034,79.27,88,95,4.16
120,East London,ZA,2021-05-29 04:12:26,-33.0153,27.9116,59.99,60,1,9.08
121,Tucuma,BR,2021-05-29 04:12:26,-0.1833,-50.05,75.2,94,98,5.23
122,Ancud,CL,2021-05-29 04:12:27,-41.8697,-73.8203,44.22,73,74,4.59
123,Butaritari,KI,2021-05-29 04:12:27,3.0707,172.7902,83.08,79,100,17.25
124,Waingapu,ID,2021-05-29 04:12:28,-9.6567,120.2641,82.89,70,96,14.03
125,Guangyuan,CN,2021-05-29 04:12:28,32.442,105.823,79.77,57,100,3.69
126,Mareeba,AU,2021-05-29 04:12:32,-17.0,145.4333,76.48,57,34,6.35
127,Tasiilaq,GL,2021-05-29 04:12:33,65.6145,-37.6368,41.16,93,100,35.52
128,Fortuna,US,2021-05-29 04:12:33,40.5982,-124.1573,53.33,65,20,1.99
129,Hay River,CA,2021-05-29 04:12:34,60.8156,-115.7999,43.29,61,1,5.19
130,Karakol,KG,2021-05-29 04:12:34,42.4907,78.3936,64.62,55,53,5.61
131,La Linea,AR,2021-05-29 04:12:34,-27.6243,-55.0388,66.07,95,70,2.73
132,Solnechnyy,RU,2021-05-29 04:12:35,50.7214,136.6319,61.93,58,100,5.35
133,Belyy Yar,RU,2021-05-29 04:12:36,53.6039,91.3903,53.49,43,0,10.16
134,Portland,US,2021-05-29 04:09:59,45.5234,-122.6762,62.58,60,20,1.99
135,Castro,BR,2021-05-29 04:12:36,-24.7911,-50.0119,69.06,66,52,15.3
136,Severo-Kurilsk,RU,2021-05-29 04:12:36,50.6789,156.125,42.22,75,55,6.46
137,Clyde River,CA,2021-05-29 04:12:37,70.4692,-68.5914,19.45,87,70,4.45
138,Victoria Point,AU,2021-05-29 04:12:37,-27.5833,153.3,70.48,52,100,5.99
139,Mildura,AU,2021-05-29 04:12:38,-34.2,142.15,57.16,44,13,9.22
140,Turan,VN,2021-05-29 04:10:54,16.0678,108.2208,95.05,62,20,9.22
141,Bandarbeyla,SO,2021-05-29 04:12:39,9.4942,50.8122,81.93,70,94,20.58
142,Sitka,US,2021-05-29 04:12:39,57.0531,-135.33,48.09,76,90,9.22
143,Broken Hill,AU,2021-05-29 04:12:40,-31.95,141.4333,55.49,36,100,12.19
144,Lompoc,US,2021-05-29 04:10:55,34.6391,-120.4579,61.25,82,90,11.5
145,Hithadhoo,MV,2021-05-29 04:12:41,-0.6,73.0833,83.16,74,98,15.46
146,Loandjili,CG,2021-05-29 04:12:41,-4.7561,11.8578,75.13,91,98,6.35
147,Pevek,RU,2021-05-29 04:12:42,69.7008,170.3133,38.25,75,22,4.45
148,Imeni Babushkina,RU,2021-05-29 04:12:42,59.7573,43.1285,53.8,77,100,2.33
149,Verkhnetulomskiy,RU,2021-05-29 04:12:42,68.6073,31.7962,32.13,67,100,11.54
150,Nikolskoye,RU,2021-05-29 04:12:43,59.7035,30.7861,49.89,91,93,7.54
151,Savanur,IN,2021-05-29 04:12:43,14.9667,75.35,79.65,66,72,10.63
152,Airai,TL,2021-05-29 04:12:44,-8.9266,125.4092,70.03,64,94,3.33
153,Havoysund,NO,2021-05-29 04:12:44,70.9963,24.6622,36.48,67,99,16.28
154,Hofn,IS,2021-05-29 04:12:44,64.2539,-15.2082,46.44,97,99,9.95
155,Cota,CO,2021-05-29 04:12:45,4.8094,-74.098,55.38,94,75,2.17
156,Huntsville,US,2021-05-29 04:12:32,34.7304,-86.5861,69.93,84,75,11.99
157,Katsuura,JP,2021-05-29 04:12:45,35.1333,140.3,80.24,75,100,22.17
158,Bengkulu,ID,2021-05-29 04:12:05,-3.8004,102.2655,76.42,89,100,1.95
159,Longyearbyen,SJ,2021-05-29 04:12:46,78.2186,15.6401,31.84,74,20,16.11
160,Brae,GB,2021-05-29 04:12:46,60.3964,-1.353,46.31,90,46,1.79
161,Capusu Mare,RO,2021-05-29 04:12:47,46.7833,23.3,50.49,87,77,4.41
162,Aleppo,SY,2021-05-29 04:12:47,36.25,37.5,66.51,75,0,15.84
163,La Ronge,CA,2021-05-29 04:12:48,55.1001,-105.2842,50.9,71,52,9.98
164,Funadhoo,MV,2021-05-29 04:12:48,6.15,73.2667,83.86,73,21,20.69
165,Eufaula,US,2021-05-29 04:12:49,31.8913,-85.1455,75.43,92,90,4.61
166,Cidreira,BR,2021-05-29 04:12:49,-30.1811,-50.2056,62.58,96,100,9.71
167,Upernavik,GL,2021-05-29 04:12:50,72.7868,-56.1549,27.34,95,84,7.52
168,Puerto Ayora,EC,2021-05-29 04:12:50,-0.7393,-90.3518,74.55,87,66,6.91
169,Nantucket,US,2021-05-29 04:12:39,41.2835,-70.0995,48.34,81,90,17.27
170,Cherskiy,RU,2021-05-29 04:12:51,68.75,161.3,60.35,30,59,15.17
171,Takoradi,GH,2021-05-29 04:12:51,4.8845,-1.7554,79.57,88,69,7.43
172,Bethel,US,2021-05-29 04:12:52,41.3712,-73.414,49.05,91,100,1.99
173,Jamestown,US,2021-05-29 04:12:52,42.097,-79.2353,44.1,97,90,8.01
174,Hami,CN,2021-05-29 04:12:52,42.8,93.45,86.31,17,93,12.73
175,Matara,LK,2021-05-29 04:12:53,5.9485,80.5353,83.05,79,65,14.61
176,Geraldton,AU,2021-05-29 04:12:53,-28.7667,114.6,70.21,88,90,14.0
177,Elizabeth City,US,2021-05-29 04:12:53,36.2946,-76.2511,78.98,74,75,5.99
178,Sabzevar,IR,2021-05-29 04:12:54,36.2126,57.6819,81.68,24,0,13.8
179,Anito,PH,2021-05-29 04:12:54,12.4497,125.2886,88.56,63,31,6.8
180,Nurota,UZ,2021-05-29 04:12:55,40.5614,65.6886,86.09,16,1,5.26
181,Nong Phai,TH,2021-05-29 04:12:55,15.9903,101.0618,87.53,68,69,6.26
182,Kaeo,NZ,2021-05-29 04:12:56,-35.1,173.7833,56.32,81,100,12.77
183,Donskoye,RU,2021-05-29 04:12:56,45.4552,41.9741,78.93,70,3,1.92
184,Mackenzie,CA,2021-05-29 04:12:57,55.2999,-123.1698,51.33,58,75,5.64
185,Fuerte Olimpo,PY,2021-05-29 04:12:57,-21.0415,-57.8738,83.57,40,0,9.82
186,Adrar,MR,2021-05-29 04:12:58,20.5022,-10.0711,84.09,21,9,16.08
187,Bilma,NE,2021-05-29 04:12:58,18.6853,12.9164,83.43,10,74,4.29
188,Mahebourg,MU,2021-05-29 04:12:59,-20.4081,57.7,77.25,83,90,8.75
189,Namatanai,PG,2021-05-29 04:12:59,-3.6667,152.4333,82.99,75,100,9.69
190,Ust-Kan,RU,2021-05-29 04:13:00,50.9276,84.761,53.71,54,6,6.93
191,Edea,CM,2021-05-29 04:13:00,3.8,10.1333,74.75,98,98,0.2
192,Faanui,PF,2021-05-29 04:13:01,-16.4833,-151.75,80.44,70,40,1.12
193,Mar Del Plata,AR,2021-05-29 04:13:01,-38.0023,-57.5575,54.0,54,40,5.99
194,San Quintin,MX,2021-05-29 04:13:03,30.4833,-115.95,63.45,88,3,10.87
195,Bowen,AU,2021-05-29 04:13:03,-20.0167,148.2333,72.88,53,21,16.58
196,Sangar,RU,2021-05-29 04:13:06,63.9242,127.4739,70.48,29,64,6.26
197,Posevnaya,RU,2021-05-29 04:13:07,54.3006,83.3297,52.72,53,51,7.14
198,Lorengau,PG,2021-05-29 04:13:08,-2.0226,147.2712,85.53,71,84,10.94
199,Rio Grande,BR,2021-05-29 04:13:08,-32.035,-52.0986,60.19,96,100,11.88
200,Ucluelet,CA,2021-05-29 04:10:16,48.9329,-125.5528,55.09,82,46,8.3
201,Praia Da Vitoria,PT,2021-05-29 04:13:09,38.7333,-27.0667,57.76,84,26,4.23
202,Acapulco,MX,2021-05-29 04:11:52,16.8634,-99.8901,82.24,73,15,3.38
203,Carnarvon,AU,2021-05-29 04:13:10,-24.8667,113.6333,71.67,88,90,11.5
204,Itarema,BR,2021-05-29 04:13:10,-2.9248,-39.9167,75.2,91,14,9.31
205,Laguna,US,2021-05-29 04:13:10,38.421,-121.4238,77.5,55,1,5.01
206,Mahajanga,MG,2021-05-29 04:09:10,-15.7167,46.3167,69.82,94,20,0.0
207,Kamenka,RU,2021-05-29 04:13:11,51.3223,42.7678,65.52,71,100,5.7
208,Colares,PT,2021-05-29 04:13:11,38.7992,-9.4469,60.46,74,4,13.0
209,Lata,PT,2021-05-29 04:13:12,40.1629,-8.3327,59.72,97,27,1.32
210,Whitehorse,CA,2021-05-29 04:13:12,60.7161,-135.0538,46.31,52,100,13.0
211,Gamba,GA,2021-05-29 04:13:13,-2.65,10.0,75.0,94,85,4.72
212,Klaksvik,FO,2021-05-29 04:13:13,62.2266,-6.589,45.52,94,8,15.68
213,Mirador,BR,2021-05-29 04:13:14,-6.3708,-44.3631,71.1,76,48,2.8
214,Havelock,US,2021-05-29 04:13:14,34.8791,-76.9013,77.02,91,20,8.01
215,Xochihuehuetlan,MX,2021-05-29 04:13:14,17.9167,-98.4333,71.08,74,82,4.14
216,Mayor Pablo Lagerenza,PY,2021-05-29 04:13:15,-19.9309,-60.7718,82.06,43,2,13.76
217,Kudahuvadhoo,MV,2021-05-29 04:13:16,2.6708,72.8944,83.5,73,91,18.77
218,Rovaniemi,FI,2021-05-29 04:13:16,66.5,25.7167,36.81,51,90,9.22
219,Qaqortoq,GL,2021-05-29 04:13:17,60.7167,-46.0333,43.3,90,48,9.62
220,Saquarema,BR,2021-05-29 04:13:18,-22.92,-42.5103,71.08,84,75,8.61
221,Palembang,ID,2021-05-29 04:13:18,-2.9167,104.7458,87.89,70,40,8.05
222,Jijiga,ET,2021-05-29 04:13:19,9.35,42.8,63.39,81,7,7.96
223,Kobryn,BY,2021-05-29 04:13:19,52.2138,24.3564,48.15,91,51,5.77
224,Joao Pinheiro,BR,2021-05-29 04:13:20,-17.7425,-46.1725,69.04,65,86,4.09
225,Saint-Louis,SN,2021-05-29 04:13:21,16.3333,-15.0,75.74,43,79,11.95
226,Avarua,CK,2021-05-29 04:13:21,-21.2078,-159.775,77.05,65,75,8.05
227,Kidal,ML,2021-05-29 04:13:21,18.4411,1.4078,88.41,11,95,10.69
228,Chokurdakh,RU,2021-05-29 04:13:22,70.6333,147.9167,58.84,30,62,14.76
229,Kaset Sombun,TH,2021-05-29 04:10:14,16.2805,101.9542,90.28,58,77,3.76
230,Opuwo,NA,2021-05-29 04:13:22,-18.0607,13.84,56.57,37,0,6.2
231,Fort-Shevchenko,KZ,2021-05-29 04:13:23,44.5086,50.263,70.02,60,2,9.19
232,Pandhana,IN,2021-05-29 04:13:24,21.7,76.2167,87.93,53,100,10.87
233,Batagay-Alyta,RU,2021-05-29 04:13:24,67.8006,130.4114,45.32,58,12,23.53
234,Pedernales,DO,2021-05-29 04:13:24,18.0384,-71.744,78.75,76,14,4.09
235,Los Lunas,US,2021-05-29 04:08:29,34.8062,-106.7334,73.49,47,9,8.79
236,Martapura,ID,2021-05-29 04:13:25,-3.4167,114.85,89.44,62,64,3.76
237,Kushikino,JP,2021-05-29 04:13:25,31.7167,130.2667,80.08,57,100,12.53
238,Kruisfontein,ZA,2021-05-29 04:13:26,-34.0033,24.7314,53.89,70,10,15.19
239,Hokitika,NZ,2021-05-29 04:13:26,-42.7167,170.9667,51.01,71,100,5.59
240,Terrace,CA,2021-05-29 04:13:27,54.5163,-128.6035,52.43,82,88,3.24
241,Piacabucu,BR,2021-05-29 04:13:27,-10.4056,-36.4344,78.12,62,97,8.61
242,Along,IN,2021-05-29 04:13:28,28.1667,94.7667,86.83,59,98,1.77
243,San Patricio,US,2021-05-29 04:13:28,28.017,-97.5169,81.32,87,76,10.27
244,Ubinskoye,RU,2021-05-29 04:13:28,55.3068,79.6802,55.56,47,14,4.7
245,Eureka,US,2021-05-29 04:13:29,40.8021,-124.1637,53.58,71,90,1.01
246,Khandbari,NP,2021-05-29 04:13:29,27.3747,87.2039,79.16,65,94,1.88
247,Northam,GB,2021-05-29 04:13:29,51.0333,-4.2167,56.08,87,97,5.97
248,Sanica,BA,2021-05-29 04:13:30,44.6142,16.6411,49.91,87,7,3.74
249,Te Anau,NZ,2021-05-29 04:13:30,-45.4167,167.7167,43.57,97,100,6.22
250,Naryan-Mar,RU,2021-05-29 04:13:31,67.6713,53.087,37.94,96,100,14.56
251,Bethanien,NA,2021-05-29 04:13:31,-26.502,17.1583,50.86,42,100,2.28
252,Margate,GB,2021-05-29 04:13:32,51.3813,1.3862,53.69,81,81,1.99
253,Prokhorovka,RU,2021-05-29 04:13:32,51.0374,36.7325,65.77,86,78,1.79
254,Mazara Del Vallo,IT,2021-05-29 04:13:33,37.6641,12.588,70.54,76,99,6.04
255,Tautira,PF,2021-05-29 04:13:33,-17.7333,-149.15,82.0,74,77,2.19
256,Vostok,RU,2021-05-29 04:13:34,46.4856,135.8833,47.57,79,100,5.95
257,Dongsheng,CN,2021-05-29 04:13:34,39.8161,109.9776,84.49,9,72,16.62
258,Sao Desiderio,BR,2021-05-29 04:13:35,-12.3633,-44.9733,66.02,59,31,2.84
259,Masuguru,TZ,2021-05-29 04:13:35,-11.3667,38.4167,63.3,96,0,0.76
260,Nanortalik,GL,2021-05-29 04:13:36,60.1432,-45.2371,35.92,96,100,3.06
261,Saldanha,ZA,2021-05-29 04:13:36,-33.0117,17.9442,60.08,78,60,7.11
262,Ola,RU,2021-05-29 04:13:37,59.5833,151.2833,41.5,76,100,9.6
263,Amapa,BR,2021-05-29 04:13:37,1.0,-52.0,71.26,99,100,0.29
264,Moindou,NC,2021-05-29 04:13:41,-21.6924,165.677,76.95,64,33,15.46
265,Victoria,HK,2021-05-29 04:13:18,22.2855,114.1577,91.45,74,100,1.99
266,Port Lincoln,AU,2021-05-29 04:13:41,-34.7333,135.8667,59.18,63,4,11.61
267,Tymovskoye,RU,2021-05-29 04:13:42,50.8456,142.655,58.37,57,84,9.89
268,Felanitx,ES,2021-05-29 04:13:42,39.4696,3.1483,57.96,60,25,3.91
269,Yeppoon,AU,2021-05-29 04:11:49,-23.1333,150.7333,73.18,64,99,18.23
270,Kaitangata,NZ,2021-05-29 04:13:43,-46.2817,169.8464,52.93,77,100,8.14
271,Mitzic,GA,2021-05-29 04:13:43,0.7821,11.549,68.14,98,96,1.9
272,Oistins,BB,2021-05-29 04:09:23,13.0667,-59.5333,78.89,61,40,16.11
273,Port Hardy,CA,2021-05-29 04:13:44,50.6996,-127.4199,49.23,80,55,8.81
274,Cap Malheureux,MU,2021-05-29 04:13:44,-19.9842,57.6142,77.47,72,77,5.01
275,Palmer,US,2021-05-29 04:13:24,42.1584,-72.3287,47.08,88,90,1.99
276,Hualmay,PE,2021-05-29 04:13:45,-11.0964,-77.6139,64.9,92,45,9.84
277,Curanilahue,CL,2021-05-29 04:13:45,-37.4667,-73.35,44.24,96,8,3.22
278,Umm Kaddadah,SD,2021-05-29 04:13:46,13.6017,26.6876,82.49,12,33,3.67
279,Lovozero,RU,2021-05-29 04:13:47,68.005,35.0117,34.74,77,100,22.41
280,Nova Esperanca,BR,2021-05-29 04:13:48,4.438,-61.1151,69.19,94,100,2.98
281,Sao Filipe,CV,2021-05-29 04:13:48,14.8961,-24.4956,72.39,77,6,10.2
282,Kahului,US,2021-05-29 04:13:49,20.8947,-156.47,78.82,72,40,19.57
283,Batemans Bay,AU,2021-05-29 04:13:49,-35.7167,150.1833,60.19,47,15,12.21
284,Barabinsk,RU,2021-05-29 04:13:50,55.3571,78.357,56.44,46,30,2.13
285,Kozulka,UA,2021-05-29 04:13:50,50.0351,23.797,50.29,90,78,6.26
286,Muisne,EC,2021-05-29 04:13:51,0.6,-80.0333,76.14,87,100,7.27
287,Esperance,AU,2021-05-29 04:13:51,-33.8667,121.9,71.11,54,86,13.06
288,Terrak,NO,2021-05-29 04:13:52,65.087,12.3715,44.47,84,52,1.88
289,Ilulissat,GL,2021-05-29 04:13:52,69.2167,-51.1,39.22,65,14,3.44
290,Venado Tuerto,AR,2021-05-29 04:13:53,-33.7456,-61.9688,51.76,61,25,8.9
291,Sao Joao Da Barra,BR,2021-05-29 04:13:53,-21.6403,-41.0511,73.22,93,15,15.61
292,Mbuji-Mayi,CD,2021-05-29 04:13:54,-6.15,23.6,68.22,61,68,3.4
293,Zaykovo,RU,2021-05-29 04:13:54,57.5613,62.7568,69.06,47,9,6.26
294,Tezu,IN,2021-05-29 04:13:54,27.9167,96.1667,89.22,59,93,3.65
295,Zaltan,LY,2021-05-29 04:13:55,32.947,11.8665,67.12,90,25,5.12
296,Santa Cruz De Tenerife,ES,2021-05-29 04:13:55,28.4682,-16.2546,66.42,89,75,4.0
297,Harper,LR,2021-05-29 04:13:56,4.375,-7.7169,79.52,86,98,8.25
298,Santa Marta De Tormes,ES,2021-05-29 04:13:56,40.9506,-5.6272,53.62,87,0,3.0
299,Puerto Madryn,AR,2021-05-29 04:12:07,-42.7692,-65.0385,39.96,49,0,14.65
300,Choya,RU,2021-05-29 04:13:57,52.0108,86.5467,58.42,41,71,5.17
301,Manggar,ID,2021-05-29 04:13:57,-2.8833,108.2667,87.31,62,100,6.85
302,Coromandel,BR,2021-05-29 04:13:57,-18.4733,-47.2003,66.79,71,100,4.43
303,Meulaboh,ID,2021-05-29 04:13:58,4.1363,96.1285,82.08,73,99,2.44
304,Ulkan,RU,2021-05-29 04:13:58,57.243,107.3223,45.79,69,100,10.42
305,Abu Samrah,SY,2021-05-29 04:13:59,35.3029,37.1841,66.52,66,0,12.8
306,Pozo Colorado,PY,2021-05-29 04:13:59,-23.4923,-58.7972,78.01,53,0,6.6
307,Berdigestyakh,RU,2021-05-29 04:14:00,62.0989,126.6992,70.92,26,56,5.41
308,Kitui,KE,2021-05-29 04:14:00,-1.367,38.0106,61.77,95,100,4.25
309,Olinda,BR,2021-05-29 04:12:16,-8.0089,-34.8553,76.73,73,75,12.48
310,Yar-Sale,RU,2021-05-29 04:14:01,66.8333,70.8333,48.27,53,67,16.51
311,Alangalang,PH,2021-05-29 04:14:01,11.2061,124.8467,89.53,59,85,1.74
312,Yugorsk,RU,2021-05-29 04:14:02,61.3133,63.3319,54.12,94,100,9.28
313,Caravelas,BR,2021-05-29 04:14:02,-17.7125,-39.2481,73.08,89,88,4.63
314,Georgetown,MY,2021-05-29 04:12:34,5.4112,100.3354,87.73,74,20,4.72
315,Camana,PE,2021-05-29 04:14:03,-16.6228,-72.7111,64.92,85,27,2.68
316,Grand Gaube,MU,2021-05-29 04:14:03,-20.0064,57.6608,77.38,72,73,5.01
317,Vila Franca Do Campo,PT,2021-05-29 04:14:04,37.7167,-25.4333,55.81,75,94,4.09
318,Clearwater,US,2021-05-29 04:09:23,27.9659,-82.8001,78.78,81,1,3.0
319,Mount Gambier,AU,2021-05-29 04:14:04,-37.8333,140.7667,56.21,55,0,5.59
320,Hambantota,LK,2021-05-29 04:14:05,6.1241,81.1185,84.85,72,55,21.43
321,Ust-Kuyga,RU,2021-05-29 04:12:10,70.0167,135.6,56.68,42,8,12.55
322,Bang Saphan,TH,2021-05-29 04:14:05,11.2126,99.5117,91.35,65,92,6.96
323,Bambanglipuro,ID,2021-05-29 04:14:06,-7.95,110.2833,85.6,69,100,8.79
324,Viransehir,TR,2021-05-29 04:14:06,37.2353,39.7631,70.92,39,0,5.88
325,Newport,GB,2021-05-29 04:14:07,51.5877,-2.9984,57.52,89,100,5.14
326,Husavik,IS,2021-05-29 04:14:08,66.0449,-17.3389,46.72,72,11,11.41
327,Turukhansk,RU,2021-05-29 04:14:08,65.8167,87.9833,32.61,96,100,11.5
328,Marshalltown,US,2021-05-29 04:14:09,42.0494,-92.908,46.85,93,90,0.0
329,Balasheyka,RU,2021-05-29 04:14:09,53.2841,48.0851,66.34,71,94,6.53
330,Cayenne,GF,2021-05-29 04:14:09,4.9333,-52.3333,76.08,90,90,6.33
331,Urumqi,CN,2021-05-29 04:14:10,43.801,87.6005,77.95,34,0,9.33
332,Mvangue,CM,2021-05-29 04:14:10,2.9667,11.5167,67.1,99,92,1.03
333,Arlit,NE,2021-05-29 04:14:11,18.7369,7.3853,83.95,7,36,6.58
334,Port Blair,IN,2021-05-29 04:14:12,11.6667,92.75,84.24,89,75,2.3
335,Thinadhoo,MV,2021-05-29 04:14:15,0.5333,72.9333,84.33,72,95,20.27
336,Nyuksenitsa,RU,2021-05-29 04:14:15,60.4128,44.2397,52.75,74,93,3.76
337,Mercedes,AR,2021-05-29 04:14:16,-34.6515,-59.4307,55.85,72,94,7.63
338,Mayumba,GA,2021-05-29 04:14:16,-3.432,10.6554,75.65,90,88,5.46
339,Bassano,CA,2021-05-29 04:14:17,50.7834,-112.4685,52.65,73,99,10.56
340,Manokwari,ID,2021-05-29 04:14:17,-0.8667,134.0833,84.04,73,87,6.42
341,Angoram,PG,2021-05-29 04:14:17,-4.0625,144.0661,89.4,59,96,4.32
342,Oriximina,BR,2021-05-29 04:14:18,-1.7656,-55.8661,75.07,85,87,2.55
343,Padang,ID,2021-05-29 04:12:00,-0.9492,100.3543,80.53,88,99,4.97
344,Maposeni,TZ,2021-05-29 04:14:19,-10.5833,35.4,51.93,81,1,0.92
345,Caconda,AO,2021-05-29 04:14:19,-13.7333,15.0667,48.67,48,1,3.56
346,Arona,ES,2021-05-29 04:14:20,28.0996,-16.681,59.52,70,75,3.76
347,Puerto Escondido,MX,2021-05-29 04:14:20,15.85,-97.0667,83.77,74,100,6.04
348,Shar,KZ,2021-05-29 04:14:21,49.5886,81.0453,62.55,37,0,15.59
349,Waipawa,NZ,2021-05-29 04:14:21,-41.4122,175.5153,56.03,89,100,14.07
350,San Rafael,AR,2021-05-29 04:14:21,-34.6177,-68.3301,51.37,50,60,3.44
351,Noyabrsk,RU,2021-05-29 04:14:22,63.1994,75.4507,46.15,39,21,10.58
352,Lodi,US,2021-05-29 04:14:22,38.1302,-121.2725,77.45,56,64,3.0
353,Krupina,SK,2021-05-29 04:14:23,48.3554,19.0647,49.84,87,99,3.2
354,Tadine,NC,2021-05-29 04:14:24,-21.55,167.8833,74.34,55,3,9.15
355,Richards Bay,ZA,2021-05-29 04:14:24,-28.783,32.0377,66.16,77,62,4.72
356,Shwebo,MM,2021-05-29 04:14:24,22.5667,95.7,99.54,35,20,9.17
357,Port Hawkesbury,CA,2021-05-29 04:14:25,45.6169,-61.3485,41.68,78,86,1.01
358,Aklavik,CA,2021-05-29 04:14:26,68.2191,-135.0107,33.78,65,100,15.1
359,Tuy Hoa,VN,2021-05-29 04:14:26,13.0833,109.3,92.16,58,47,5.39
360,Chumikan,RU,2021-05-29 04:14:26,54.7183,135.315,42.46,80,86,7.85
361,Santiago,CL,2021-05-29 04:11:37,-33.4569,-70.6483,56.86,69,27,1.25
362,Seoul,KR,2021-05-29 04:12:07,37.5683,126.9778,69.28,57,90,12.33
363,Bell Ville,AR,2021-05-29 04:14:27,-32.6259,-62.6887,52.07,59,15,7.11
364,Doba,TD,2021-05-29 04:14:28,8.65,16.85,77.05,64,50,4.56
365,Aykhal,RU,2021-05-29 04:14:28,66.0,111.5,60.12,44,83,15.35
366,Saint-Georges,GD,2021-05-29 04:14:28,12.0564,-61.7485,79.09,72,13,13.62
367,Santa Isabel Do Rio Negro,BR,2021-05-29 04:14:29,-0.4139,-65.0192,74.3,99,100,0.67
368,Mabaruma,GY,2021-05-29 04:14:29,8.2,-59.7833,72.28,99,21,2.57
369,Pizhma,RU,2021-05-29 04:14:30,57.8642,47.1171,62.83,84,81,3.2
370,Manohar Thana,IN,2021-05-29 04:14:30,24.24,76.8018,97.81,34,74,14.7
371,Tiznit,MA,2021-05-29 04:14:30,29.5833,-9.5,65.14,72,100,1.43
372,Iskateley,RU,2021-05-29 04:14:31,67.6803,53.1512,38.01,96,100,14.38
373,Ardmore,US,2021-05-29 04:10:15,34.1743,-97.1436,69.66,83,75,1.01
374,Nyagan,RU,2021-05-29 04:14:32,62.1406,65.3936,60.6,55,86,11.23
375,Concarneau,FR,2021-05-29 04:14:32,47.875,-3.9225,57.99,83,100,3.94
376,Fairbanks,US,2021-05-29 04:12:32,64.8378,-147.7164,46.6,44,90,13.8
377,Damabalas,PH,2021-05-29 04:14:33,7.0156,124.5142,93.43,50,81,1.68
378,Kropotkin,RU,2021-05-29 04:14:33,45.4375,40.5756,67.12,81,34,4.59
379,Manono,CD,2021-05-29 04:14:33,-7.3,27.4167,61.5,54,67,3.8
380,Porto Novo,BJ,2021-05-29 04:14:34,6.4965,2.6036,80.51,84,100,5.64
381,Balkanabat,TM,2021-05-29 04:14:34,39.5108,54.3671,92.01,23,0,16.2
382,Komsomolskiy,UZ,2021-05-29 04:14:35,40.4272,71.7189,81.82,34,1,2.3
383,Zhoucheng,CN,2021-05-29 04:14:35,35.9122,116.3117,98.02,11,10,15.46
384,Rudnogorsk,RU,2021-05-29 04:14:36,57.2639,103.7519,41.52,62,100,10.49
385,Dawei,MM,2021-05-29 04:14:36,14.0833,98.2,87.01,67,85,7.45
386,Santo Antonio Da Platina,BR,2021-05-29 04:14:37,-23.295,-50.0772,68.25,71,38,4.38
387,Gravdal,NO,2021-05-29 04:14:37,68.1214,13.5031,42.89,72,21,2.08
388,Urubicha,BO,2021-05-29 04:14:38,-15.3833,-62.95,71.19,79,97,2.28
389,Kamaishi,JP,2021-05-29 04:14:38,39.2667,141.8833,69.01,65,46,12.75
390,Mihara,JP,2021-05-29 04:14:38,34.4,133.0833,73.45,54,1,10.65
391,Tibati,CM,2021-05-29 04:11:19,6.4667,12.6333,66.63,95,97,1.16
392,Makakilo City,US,2021-05-29 04:14:39,21.3469,-158.0858,80.92,59,75,4.61
393,Faya,SA,2021-05-29 04:14:40,18.3851,42.4509,68.52,37,5,1.81
394,Majene,ID,2021-05-29 04:14:40,-3.5403,118.9707,87.44,63,65,8.34
395,De Aar,ZA,2021-05-29 04:14:41,-30.6497,24.0123,41.68,89,0,3.36
396,Henties Bay,NA,2021-05-29 04:14:41,-22.116,14.2845,60.33,79,0,4.5
397,Codrington,AU,2021-05-29 04:14:42,-38.2667,141.9667,55.56,59,8,10.16
398,Najran,SA,2021-05-29 04:14:42,17.4924,44.1277,82.53,17,20,3.29
399,Progreso,MX,2021-05-29 04:14:42,21.2833,-89.6667,82.51,80,1,12.19
400,Izvoarele Sucevei,RO,2021-05-29 04:14:43,47.75,25.1833,48.99,96,98,3.2
401,Byron Bay,AU,2021-05-29 04:14:44,-28.65,153.6167,69.06,62,99,19.73
402,Karratha,AU,2021-05-29 04:14:44,-20.7377,116.8463,83.25,48,68,15.17
403,Kosonsoy,UZ,2021-05-29 04:14:44,41.2561,71.5508,77.56,26,0,2.37
404,Kasempa,ZM,2021-05-29 04:14:45,-13.4584,25.8338,47.77,55,0,3.83
405,Bulgan,MN,2021-05-29 04:14:45,48.8125,103.5347,58.93,36,10,10.29
406,Ginir,ET,2021-05-29 04:14:49,7.1333,40.7,56.79,86,5,3.78
407,Kant,IN,2021-05-29 04:14:50,27.8,79.8,86.16,56,100,15.21
408,Charlestown,AU,2021-05-29 04:14:50,-32.95,151.6667,61.74,61,99,8.01
409,Gizo,SB,2021-05-29 04:14:51,-8.103,156.8419,78.39,90,100,11.01
410,Lumeje,AO,2021-05-29 04:14:51,-11.55,20.7833,50.5,50,2,5.32
411,San Carlos,VE,2021-05-29 04:14:51,9.6612,-68.5827,72.81,95,14,2.95
412,Jiwani,PK,2021-05-29 04:14:52,25.05,61.7417,87.51,70,4,6.69
413,Floriano,BR,2021-05-29 04:14:52,-6.7669,-43.0225,74.12,57,58,3.94
414,Nyurba,RU,2021-05-29 04:14:53,63.2842,118.3319,69.46,33,9,4.74
415,Camocim,BR,2021-05-29 04:14:53,-2.9022,-40.8411,74.93,89,28,8.61
416,Sumenep,ID,2021-05-29 04:14:53,-7.0167,113.8667,86.59,69,40,11.23
417,Nuevitas,CU,2021-05-29 04:14:54,21.5453,-77.2644,76.44,86,0,7.34
418,Dickinson,US,2021-05-29 04:14:55,29.4608,-95.0513,80.94,85,75,2.77
419,Pahalgam,IN,2021-05-29 04:14:55,34.0333,75.3333,64.62,41,0,3.71
420,Nizhniy Tsasuchey,RU,2021-05-29 04:12:12,50.5167,115.1333,67.53,27,51,6.29
421,Alice Springs,AU,2021-05-29 04:10:41,-23.7,133.8833,63.95,34,0,15.23
422,Coahuayana,MX,2021-05-29 04:14:56,18.7333,-103.6833,75.13,79,68,1.03
423,Tamandare,BR,2021-05-29 04:14:56,-8.7597,-35.1047,76.21,77,56,7.99
424,Lockhart,US,2021-05-29 04:14:56,28.6194,-81.4426,80.58,74,58,7.72
425,Sawtell,AU,2021-05-29 04:14:57,-30.3833,153.1,66.22,48,40,19.57
426,Certegui,CO,2021-05-29 04:14:58,5.3707,-76.6044,70.72,96,100,1.01
427,Fort Nelson,CA,2021-05-29 04:14:58,58.8053,-122.7002,58.95,45,86,5.57
428,Muros,ES,2021-05-29 04:14:59,42.7762,-9.0603,59.5,89,7,9.73
429,Grindavik,IS,2021-05-29 04:14:59,63.8424,-22.4338,46.56,100,75,28.63
430,Weston,US,2021-05-29 04:10:41,26.1004,-80.3998,79.05,81,20,5.32
431,Semey,KZ,2021-05-29 04:14:59,50.4111,80.2275,64.62,29,0,13.42
432,Chernyshevskiy,RU,2021-05-29 04:12:13,63.0128,112.4714,66.6,34,33,7.87
433,Flinders,AU,2021-05-29 04:15:01,-34.5833,150.8552,59.81,59,58,5.01
434,Yara,CU,2021-05-29 04:15:03,20.2753,-76.9533,72.48,91,3,3.38
435,Miyako,JP,2021-05-29 04:15:03,39.6367,141.9525,70.09,59,59,7.92
436,Tulum,MX,2021-05-29 04:15:04,20.2167,-87.4667,78.22,81,63,5.1
437,Le Vauclin,MQ,2021-05-29 04:15:04,14.5452,-60.8388,77.05,73,40,14.18
438,Gat,IL,2021-05-29 04:15:04,31.61,34.7642,69.91,100,1,4.52
439,Kavieng,PG,2021-05-29 04:15:05,-2.5744,150.7967,85.66,68,58,9.01
440,Tilichiki,RU,2021-05-29 04:15:06,60.4667,166.1,44.58,65,82,4.97
441,Matane,CA,2021-05-29 04:15:06,48.8286,-67.522,33.22,66,0,10.4
442,Luganville,VU,2021-05-29 04:15:06,-15.5333,167.1667,77.68,64,72,5.7
443,Inuvik,CA,2021-05-29 04:15:07,68.3499,-133.7218,32.76,69,75,8.05
444,Tateyama,JP,2021-05-29 04:15:07,34.9833,139.8667,81.14,79,100,23.73
445,Tonantins,BR,2021-05-29 04:15:07,-2.8731,-67.8022,72.95,99,67,1.43
446,Camacha,PT,2021-05-29 04:15:08,33.0833,-16.3333,63.36,72,20,6.91
447,Gambo,CF,2021-05-29 04:15:09,4.6482,22.2633,67.77,99,94,1.54
448,Ulladulla,AU,2021-05-29 04:15:09,-35.35,150.4667,57.78,52,58,15.3
449,Dharangaon,IN,2021-05-29 04:15:10,21.0167,75.2667,90.64,50,99,14.34
450,Bentiu,SS,2021-05-29 04:15:11,9.2333,29.8333,79.02,66,6,4.29
451,Araucaria,BR,2021-05-29 04:15:11,-25.5931,-49.4103,67.44,76,84,10.74
452,Grand-Lahou,CI,2021-05-29 04:15:12,5.1367,-5.0242,79.25,87,87,5.91
453,College,US,2021-05-29 04:15:12,64.8569,-147.8028,46.58,44,75,1.01
454,Monroe,US,2021-05-29 04:14:10,43.1501,-77.6831,46.96,87,90,10.36
455,Koumac,NC,2021-05-29 04:15:13,-20.5667,164.2833,73.67,58,22,13.62
456,Naze,JP,2021-05-29 04:15:14,28.3667,129.4833,73.87,65,100,5.88
457,Koslan,RU,2021-05-29 04:15:14,63.4564,48.8989,45.88,80,98,8.3
458,Roma,US,2021-05-29 04:14:44,43.2128,-75.4557,45.39,92,90,4.61
459,Urucara,BR,2021-05-29 04:15:14,-2.5364,-57.76,74.32,88,35,1.23
460,Mayo,US,2021-05-29 04:15:15,38.8876,-76.5119,64.98,93,90,5.01
461,Carballo,ES,2021-05-29 04:15:16,43.213,-8.691,56.89,88,31,3.89
462,Berck,FR,2021-05-29 04:15:16,50.4,1.6,53.51,93,100,7.61
463,Broome,US,2021-05-29 04:15:16,42.2506,-75.833,46.17,89,90,1.99
464,Pemberton,CA,2021-05-29 04:15:17,50.3164,-122.8027,51.66,90,62,3.06
465,Huarmey,PE,2021-05-29 04:15:18,-10.0681,-78.1522,65.97,91,40,8.46
466,Pervomayskiy,RU,2021-05-29 04:15:18,53.2485,40.2871,64.65,76,88,5.08
467,Sawakin,SD,2021-05-29 04:15:18,19.1059,37.3321,84.24,81,28,5.77
468,Rockhampton,AU,2021-05-29 04:15:19,-23.3833,150.5,73.29,33,95,12.66
469,Hwange,ZW,2021-05-29 04:15:23,-18.3693,26.5019,52.77,50,0,2.04
470,Baculin,PH,2021-05-29 04:15:23,7.4525,126.5842,85.59,74,84,3.65
471,Knyaze-Volkonskoye,RU,2021-05-29 04:12:12,48.4642,135.4567,66.54,45,100,7.76
472,Yuanping,CN,2021-05-29 04:15:24,38.7153,112.7575,89.82,12,12,12.03
473,Marathon,US,2021-05-29 04:15:25,44.9,-89.7668,42.55,84,1,3.15
474,Keti Bandar,PK,2021-05-29 04:15:26,24.1447,67.4497,86.79,71,29,15.84
475,Stow,US,2021-05-29 04:12:32,41.1595,-81.4404,45.81,90,90,1.01
476,Verkhoyansk,RU,2021-05-29 04:15:26,67.5447,133.385,55.83,42,34,17.98
477,Haimen,CN,2021-05-29 04:15:27,23.1935,116.6142,94.89,61,100,20.11
478,Paamiut,GL,2021-05-29 04:15:28,61.994,-49.6678,39.69,63,18,8.39
479,Nome,US,2021-05-29 04:15:29,64.5011,-165.4064,57.27,30,1,21.85
480,Heilbron,ZA,2021-05-29 04:15:29,-27.2812,27.9709,42.85,39,0,5.12
481,Custodia,BR,2021-05-29 04:13:02,-8.0875,-37.6431,68.23,81,99,6.08
482,Cordon,PH,2021-05-29 04:15:30,16.6744,121.4658,99.28,39,22,4.54
483,Constitucion,CL,2021-05-29 04:15:30,-35.3333,-72.4167,51.64,75,2,4.83
484,Vilani,LV,2021-05-29 04:15:31,56.5525,26.9245,47.52,86,92,7.29
485,Jedrzejow,PL,2021-05-29 04:15:31,50.6394,20.3045,51.37,90,97,3.0
486,Manaure,CO,2021-05-29 04:15:32,11.7751,-72.4445,80.26,78,100,14.12
487,Odweyne,SO,2021-05-29 04:15:32,9.4092,45.064,70.99,70,44,10.67
488,Kharod,IN,2021-05-29 04:15:33,21.75,82.5667,98.04,30,0,4.23
489,Paita,PE,2021-05-29 04:15:33,-5.0892,-81.1144,68.25,89,49,11.1
490,Terracina,IT,2021-05-29 04:15:33,41.2863,13.2217,64.6,76,100,4.74
491,Chateaubelair,VC,2021-05-29 04:15:34,13.2833,-61.25,78.84,70,52,12.59
492,Pangody,RU,2021-05-29 04:15:34,65.85,74.4859,46.22,39,53,11.56
493,Slave Lake,CA,2021-05-29 04:15:07,55.2834,-114.769,49.66,75,100,14.03
494,Andra,RU,2021-05-29 04:12:09,62.5147,65.8878,57.22,61,80,13.8
495,Flin Flon,CA,2021-05-29 04:15:35,54.7682,-101.865,54.41,78,92,12.82
496,Vila Velha,BR,2021-05-29 04:14:31,-20.3297,-40.2925,75.15,85,20,1.99
497,Kindu,CD,2021-05-29 04:15:36,-2.95,25.95,69.28,98,97,0.65
498,Surok,RU,2021-05-29 04:15:36,56.4469,48.1214,70.38,65,29,2.75
499,Emba,KZ,2021-05-29 04:15:36,48.8264,58.1442,76.96,30,83,19.86
500,Kulhudhuffushi,MV,2021-05-29 04:15:37,6.6221,73.07,83.68,73,14,19.89
501,Hovd,MN,2021-05-29 04:15:37,48.0056,91.6419,65.21,26,0,6.29
502,Hamilton,US,2021-05-29 04:15:18,39.1834,-84.5333,51.24,91,90,3.0
503,Jiuquan,CN,2021-05-29 04:15:38,39.7432,98.5174,80.74,16,25,8.21
504,Willowmore,ZA,2021-05-29 04:15:38,-33.2926,23.4895,46.71,84,10,6.17
505,Saint-Pierre,RE,2021-05-29 04:15:39,-21.3393,55.4781,71.28,57,0,8.05
506,Catalina,US,2021-05-29 04:15:39,32.5056,-110.9211,86.09,14,7,4.29
507,Sistranda,NO,2021-05-29 04:15:39,63.7256,8.834,45.9,79,7,10.96
508,Watsa,CD,2021-05-29 04:15:40,3.0372,29.5355,61.75,98,64,1.81
509,Poum,NC,2021-05-29 04:15:40,-20.2333,164.0167,73.33,63,5,19.75
510,Bonthe,SL,2021-05-29 04:15:41,7.5264,-12.505,78.71,85,97,1.52
511,Ixtapa,MX,2021-05-29 04:15:41,20.7,-105.2,79.23,86,49,1.99
512,Bintulu,MY,2021-05-29 04:15:42,3.1667,113.0333,85.82,67,98,4.63
513,Taoudenni,ML,2021-05-29 04:15:42,22.6783,-3.9836,92.7,8,78,8.08
514,Parabel,RU,2021-05-29 04:15:43,58.6978,81.4825,45.63,39,33,6.89
515,Uruzgan,AF,2021-05-29 04:15:43,32.8333,66.0,76.35,22,0,3.24
516,Petropavlovsk-Kamchatskiy,RU,2021-05-29 04:13:59,53.0452,158.6483,43.39,81,75,9.57
517,Chardara,KZ,2021-05-29 04:15:43,41.2547,67.9692,84.65,33,20,1.36
518,Guerrero Negro,MX,2021-05-29 04:15:44,27.9769,-114.0611,59.74,83,99,14.79
519,Krasnoselkup,RU,2021-05-29 04:15:44,65.7,82.4667,39.78,46,33,16.75
520,Mount Vernon,US,2021-05-29 04:15:45,40.9126,-73.8371,51.21,90,90,4.0
521,Baruun-Urt,MN,2021-05-29 04:15:45,46.6806,113.2792,60.26,30,54,7.29
522,Kashan,IR,2021-05-29 04:15:45,33.9831,51.4364,87.39,13,0,1.88
523,Chipinge,ZW,2021-05-29 04:15:46,-20.1883,32.6236,53.89,24,0,3.53
524,Yulara,AU,2021-05-29 04:15:46,-25.2406,130.9889,64.24,34,0,11.5
525,Santa Rosalia,MX,2021-05-29 04:15:46,27.3167,-112.2833,73.8,37,38,7.18
526,Morelia,MX,2021-05-29 04:15:47,19.7008,-101.1844,72.54,54,99,4.21
527,Camacupa,AO,2021-05-29 04:15:47,-12.0167,17.4833,46.87,50,7,3.67
528,Olafsvik,IS,2021-05-29 04:15:48,64.8945,-23.7142,46.02,84,100,20.94
529,Ulaangom,MN,2021-05-29 04:15:48,49.9811,92.0667,59.54,44,0,7.65
530,Angoche,MZ,2021-05-29 04:15:49,-16.2325,39.9086,68.27,82,10,3.91
531,Pasighat,IN,2021-05-29 04:15:49,28.0667,95.3333,86.38,68,99,2.98
532,Pavlodar,KZ,2021-05-29 04:15:50,52.3,76.95,67.8,28,0,3.04
533,Acari,PE,2021-05-29 04:15:50,-15.4311,-74.6158,66.78,79,65,1.25
534,Krabi,TH,2021-05-29 04:15:51,8.0726,98.9105,89.8,67,40,5.75
535,Newton,US,2021-05-29 04:15:51,42.337,-71.2092,48.06,91,90,4.0
536,Gallup,US,2021-05-29 04:15:26,35.5281,-108.7426,67.01,8,1,1.01
537,Beroroha,MG,2021-05-29 04:15:52,-21.6667,45.1667,60.64,76,0,1.9
538,Narasannapeta,IN,2021-05-29 04:15:53,18.4167,84.05,90.95,67,84,6.58
539,Ekibastuz,KZ,2021-05-29 04:15:53,51.6667,75.3667,66.2,31,0,8.68
540,Champerico,GT,2021-05-29 04:15:53,14.3,-91.9167,82.35,78,95,3.6
541,Akkermanovka,RU,2021-05-29 04:15:54,51.2467,58.2391,69.58,37,65,13.11
542,Yerbogachen,RU,2021-05-29 04:15:57,61.2767,108.0108,63.9,39,100,8.19
543,Ferme-Neuve,CA,2021-05-29 04:15:58,46.7001,-75.4493,37.18,55,0,3.89
544,Maua,BR,2021-05-29 04:15:58,-23.6678,-46.4614,76.8,64,77,18.07
545,Prado,BR,2021-05-29 04:11:37,-17.3411,-39.2208,74.08,87,90,6.44
546,Kununurra,AU,2021-05-29 04:15:59,-15.7667,128.7333,84.18,24,71,10.36
547,Benguela,AO,2021-05-29 04:15:59,-12.5763,13.4055,72.75,57,11,6.29
548,Caninde,BR,2021-05-29 04:15:59,-4.3589,-39.3117,72.32,85,24,2.24
549,Beloha,MG,2021-05-29 04:16:00,-25.1667,45.05,61.84,82,1,4.54
550,Georgiyevka,KZ,2021-05-29 04:16:00,43.0369,74.7114,77.04,44,0,3.69
551,Namibe,AO,2021-05-29 04:16:01,-15.1961,12.1522,72.77,60,0,4.14
552,Tari,NG,2021-05-29 04:16:01,12.4086,4.4914,86.36,24,90,4.79
553,Tabory,RU,2021-05-29 04:16:01,58.5198,64.5495,66.97,48,85,7.58
554,Aquiraz,BR,2021-05-29 04:16:02,-3.9014,-38.3911,80.69,87,7,10.25
555,Port Moresby,PG,2021-05-29 04:16:02,-9.4431,147.1797,81.63,63,63,18.77
556,Pokhara,NP,2021-05-29 04:14:12,28.2333,83.9833,74.75,75,100,1.83
557,Usinsk,RU,2021-05-29 04:16:03,65.9939,57.5281,48.72,75,100,22.91
558,Wattegama,LK,2021-05-29 04:16:03,6.7989,81.4808,88.23,52,99,3.33
559,Beirut,LB,2021-05-29 04:16:04,33.8889,35.4944,74.37,64,20,12.66
560,Wahpeton,US,2021-05-29 04:14:40,46.2652,-96.6059,53.42,50,1,11.5
561,Madanapalle,IN,2021-05-29 04:16:04,13.55,78.5,85.24,48,83,11.56
562,Bykov,RU,2021-05-29 04:16:05,47.3167,142.55,48.99,96,100,6.11
563,Tuatapere,NZ,2021-05-29 04:16:05,-46.1333,167.6833,49.82,90,100,8.84
564,Santa Maria,BR,2021-05-29 04:16:06,-29.6842,-53.8069,62.11,99,100,3.56
565,Virginia Beach,US,2021-05-29 04:16:06,36.8529,-75.978,77.02,80,75,9.22
566,Bridgetown,BB,2021-05-29 04:14:37,13.1,-59.6167,79.29,61,40,14.9
567,Lavrentiya,RU,2021-05-29 04:12:15,65.5833,-171.0,34.36,81,9,11.01
568,Yanam,IN,2021-05-29 04:16:07,16.7333,82.2167,93.6,35,19,5.35
569,Owosso,US,2021-05-29 04:16:08,42.9978,-84.1766,42.87,73,1,1.01
570,Walvis Bay,NA,2021-05-29 04:16:08,-22.9575,14.5053,54.55,62,0,9.53
571,Anadyr,RU,2021-05-29 04:16:08,64.75,177.4833,43.3,56,0,7.65
572,Half Moon Bay,US,2021-05-29 04:13:45,37.4636,-122.4286,61.41,80,90,5.75
